,fsi,year,country
0,112.3,2006,Sudan
1,110.1,2006,Congo Democratic Republic
2,109.2,2006,Cote d'Ivoire
3,109.0,2006,Iraq
4,108.9,2006,Zimbabwe
5,105.9,2006,Chad
6,105.9,2006,Somalia
7,104.6,2006,Haiti
8,103.1,2006,Pakistan
9,99.8,2006,Afghanistan
10,99.0,2006,Guinea
11,99.0,2006,Liberia
12,97.5,2006,Central African Republic
13,97.3,2006,North Korea
14,96.7,2006,Burundi
15,96.6,2006,Sierra Leone
16,96.6,2006,Yemen
17,96.5,2006,Myanmar
18,96.3,2006,Bangladesh
19,95.4,2006,Nepal
20,94.5,2006,Uganda
21,94.4,2006,Nigeria
22,94.4,2006,Uzbekistan
23,92.9,2006,Rwanda
24,92.4,2006,Sri Lanka
25,91.9,2006,Ethiopia
26,91.8,2006,Colombia
27,90.3,2006,Kyrgyz Republic
28,89.8,2006,Malawi
29,89.7,2006,Burkina Faso
30,89.5,2006,Egypt
31,89.2,2006,Indonesia
32,88.6,2006,Kenya
33,88.6,2006,Syria
34,88.5,2006,Bosnia and Herzegovina
35,88.4,2006,Cameroon
36,88.3,2006,Angola
37,88.3,2006,Togo
38,87.9,2006,Bhutan
39,87.9,2006,Laos
40,87.8,2006,Mauritania
41,87.7,2006,Tajikistan
42,87.1,2006,Russia
43,87.0,2006,Niger
44,86.1,2006,Turkmenistan
45,85.4,2006,Guinea Bissau
46,85.0,2006,Cambodia
47,85.0,2006,Dominican Republic
48,84.6,2006,Papua New Guinea
49,84.5,2006,Belarus
50,84.3,2006,Guatemala
51,84.0,2006,Equatorial Guinea
52,84.0,2006,Iran
53,83.9,2006,Eritrea
54,83.8,2006,Serbia
55,82.9,2006,Bolivia
56,82.5,2006,China
57,82.5,2006,Moldova
58,82.4,2006,Nicaragua
59,82.2,2006,Georgia
60,81.9,2006,Azerbaijan
61,81.9,2006,Cuba
62,81.2,2006,Ecuador
63,81.2,2006,Venezuela
64,80.5,2006,Lebanon
65,79.6,2006,Zambia
66,79.4,2006,Israel and West Bank
67,79.2,2006,Peru
68,79.2,2006,Philippines
69,78.6,2006,Vietnam
70,78.3,2006,Tanzania
71,77.8,2006,Algeria
72,77.2,2006,Saudi Arabia
73,77.0,2006,Jordan
74,76.7,2006,Honduras
75,76.5,2006,Morocco
76,76.1,2006,El Salvador
77,75.1,2006,Macedonia
78,74.9,2006,Thailand
79,74.8,2006,Mozambique
80,74.6,2006,Mali
81,74.4,2006,Turkey
82,74.0,2006,Gambia
83,73.6,2006,Gabon
84,73.1,2006,Mexico
85,72.9,2006,Ukraine
86,72.0,2006,Paraguay
87,71.9,2006,Kazakhstan
88,71.5,2006,Armenia
89,70.9,2006,Benin
90,70.7,2006,Namibia
91,70.5,2006,Cyprus
92,70.4,2006,India
93,68.6,2006,Albania
94,68.5,2006,Libya
95,66.9,2006,Botswana
96,66.8,2006,Jamaica
97,66.1,2006,Malaysia
98,66.1,2006,Senegal
99,65.4,2006,Tunisia
100,63.1,2006,Brazil
101,62.6,2006,Romania
102,62.1,2006,Bulgaria
103,61.9,2006,Croatia
104,60.8,2006,Kuwait
105,60.5,2006,Ghana
106,59.6,2006,Panama
107,58.4,2006,Mongolia
108,56.2,2006,Latvia
109,55.7,2006,South Africa
110,51.0,2006,Estonia
111,49.9,2006,Slovak Republic
112,49.7,2006,Lithuania
113,49.6,2006,Costa Rica
114,47.9,2006,Poland
115,46.7,2006,Hungary
116,43.8,2006,Oman
117,41.9,2006,Mauritius
118,41.8,2006,Czech Republic
119,41.2,2006,Uruguay
120,41.1,2006,Greece
121,40.8,2006,Argentina
122,39.9,2006,South Korea
123,39.7,2006,Germany
124,37.4,2006,Spain
125,36.8,2006,Slovenia
126,35.1,2006,Italy
127,34.5,2006,United States
128,34.3,2006,France
129,34.2,2006,United Kingdom
130,32.7,2006,Portugal
131,32.0,2006,Chile
132,30.8,2006,Singapore
133,28.1,2006,Netherlands
134,28.0,2006,Japan
135,26.1,2006,Austria
136,24.8,2006,Denmark
137,24.0,2006,Belgium
138,23.1,2006,Canada
139,22.0,2006,Australia
140,19.4,2006,New Zealand
141,18.7,2006,Switzerland
142,18.6,2006,Ireland
143,18.2,2006,Finland
144,18.2,2006,Sweden
145,16.8,2006,Norway
0,113.7,2007,Sudan
1,111.4,2007,Iraq
2,111.1,2007,Somalia
3,110.1,2007,Zimbabwe
4,108.8,2007,Chad
5,107.3,2007,Cote d'Ivoire
6,105.5,2007,Congo Democratic Republic
7,102.3,2007,Afghanistan
8,101.3,2007,Guinea
9,101.0,2007,Central African Republic
10,100.9,2007,Haiti
11,100.1,2007,Pakistan
12,97.7,2007,North Korea
13,97.0,2007,Myanmar
14,96.4,2007,Uganda
15,95.9,2007,Bangladesh
16,95.6,2007,Nigeria
17,95.3,2007,Ethiopia
18,95.2,2007,Burundi
19,94.9,2007,Timor-Leste
20,93.6,2007,Nepal
21,93.5,2007,Uzbekistan
22,93.4,2007,Sierra Leone
23,93.2,2007,Yemen
24,93.1,2007,Sri Lanka
25,93.0,2007,Congo Republic
26,92.9,2007,Liberia
27,92.4,2007,Lebanon
28,92.2,2007,Malawi
29,92.0,2007,Solomon Islands
30,91.3,2007,Kenya
31,91.2,2007,Niger
32,89.7,2007,Burkina Faso
33,89.7,2007,Colombia
34,89.4,2007,Cameroon
35,89.2,2007,Egypt
36,89.2,2007,Rwanda
37,88.8,2007,Guinea Bissau
38,88.7,2007,Tajikistan
39,88.6,2007,Syria
40,88.2,2007,Equatorial Guinea
41,88.2,2007,Kyrgyz Republic
42,87.5,2007,Turkmenistan
43,87.2,2007,Laos
44,86.7,2007,Mauritania
45,86.6,2007,Togo
46,86.4,2007,Bhutan
47,85.7,2007,Cambodia
48,85.7,2007,Moldova
49,85.5,2007,Eritrea
50,85.2,2007,Belarus
51,85.1,2007,Papua New Guinea
52,84.9,2007,Angola
53,84.5,2007,Bosnia and Herzegovina
54,84.4,2007,Indonesia
55,83.2,2007,Philippines
56,82.8,2007,Iran
57,82.3,2007,Georgia
58,82.0,2007,Bolivia
59,81.4,2007,Guatemala
60,81.3,2007,Swaziland
61,81.2,2007,Azerbaijan
62,81.2,2007,China
63,81.2,2007,Lesotho
64,81.2,2007,Russia
65,81.1,2007,Cape Verde
66,81.1,2007,Maldives
67,81.1,2007,Serbia
68,80.6,2007,Dominican Republic
69,80.6,2007,Zambia
70,80.3,2007,Djibouti
71,80.0,2007,Nicaragua
72,79.9,2007,Ecuador
73,79.8,2007,Venezuela
74,79.6,2007,Israel and West Bank
75,79.3,2007,Tanzania
76,78.6,2007,Cuba
77,78.6,2007,Sao Tome and Principe
78,77.8,2007,Comoros
79,77.8,2007,Vietnam
80,76.9,2007,Mozambique
81,76.6,2007,Jordan
82,76.5,2007,Madagascar
83,76.5,2007,Saudi Arabia
84,76.4,2007,Peru
85,76.0,2007,Gambia
86,76.0,2007,Morocco
87,76.0,2007,Thailand
88,75.9,2007,Algeria
89,75.7,2007,Fiji
90,75.5,2007,Mali
91,74.9,2007,El Salvador
92,74.9,2007,Turkey
93,74.8,2007,Honduras
94,74.1,2007,Macedonia
95,73.9,2007,Suriname
96,73.8,2007,Samoa
97,73.5,2007,Micronesia
98,73.3,2007,Gabon
99,73.3,2007,Guyana
100,72.9,2007,Paraguay
101,72.6,2007,Mexico
102,72.3,2007,Kazakhstan
103,72.0,2007,Benin
104,71.6,2007,Grenada
105,71.4,2007,Ukraine
106,71.3,2007,Namibia
107,71.3,2007,Seychelles
108,71.2,2007,Brunei Darussalam
109,70.8,2007,India
110,70.5,2007,Albania
111,70.3,2007,Armenia
112,70.2,2007,Cyprus
113,69.8,2007,Belize
114,69.3,2007,Libya
115,67.6,2007,Trinidad and Tobago
116,66.9,2007,Brazil
117,66.9,2007,Senegal
118,66.4,2007,Botswana
119,65.9,2007,Malaysia
120,65.7,2007,Antigua and Barbuda
121,65.6,2007,Tunisia
122,65.1,2007,Jamaica
123,62.1,2007,Kuwait
124,61.9,2007,Ghana
125,60.9,2007,Romania
126,60.5,2007,Croatia
127,60.3,2007,Bulgaria
128,60.1,2007,Bahamas
129,59.9,2007,Barbados
130,59.4,2007,Panama
131,58.4,2007,Mongolia
132,57.4,2007,South Africa
133,57.0,2007,Bahrain
134,56.7,2007,Latvia
135,55.6,2007,Montenegro
136,53.6,2007,Qatar
137,51.6,2007,United Arab Emirates
138,51.2,2007,Hungary
139,50.5,2007,Costa Rica
140,50.5,2007,Estonia
141,49.3,2007,Slovak Republic
142,49.0,2007,Lithuania
143,48.5,2007,Malta
144,47.6,2007,Poland
145,45.5,2007,Oman
146,43.5,2007,Greece
147,42.7,2007,Mauritius
148,42.1,2007,Czech Republic
149,41.4,2007,Argentina
150,40.9,2007,Uruguay
151,39.7,2007,South Korea
152,39.2,2007,Spain
153,38.4,2007,Germany
154,37.5,2007,Slovenia
155,37.1,2007,Italy
156,34.1,2007,France
157,34.1,2007,United Kingdom
158,33.8,2007,Chile
159,33.6,2007,United States
160,33.0,2007,Singapore
161,32.4,2007,Portugal
162,28.6,2007,Netherlands
163,28.5,2007,Japan
164,28.1,2007,Luxembourg
165,26.0,2007,Austria
166,25.5,2007,Belgium
167,25.1,2007,Canada
168,23.2,2007,Australia
169,22.2,2007,Denmark
170,21.1,2007,Iceland
171,20.5,2007,New Zealand
172,20.2,2007,Switzerland
173,19.5,2007,Ireland
174,19.3,2007,Sweden
175,18.5,2007,Finland
176,17.1,2007,Norway
0,114.2,2008,Somalia
1,113.0,2008,Sudan
2,112.5,2008,Zimbabwe
3,110.9,2008,Chad
4,110.6,2008,Iraq
5,106.7,2008,Congo Democratic Republic
6,105.4,2008,Afghanistan
7,104.6,2008,Cote d'Ivoire
8,103.8,2008,Pakistan
9,103.7,2008,Central African Republic
10,101.8,2008,Guinea
11,100.3,2008,Bangladesh
12,100.3,2008,Myanmar
13,99.3,2008,Haiti
14,97.7,2008,North Korea
15,96.1,2008,Ethiopia
16,96.1,2008,Uganda
17,95.7,2008,Lebanon
18,95.7,2008,Nigeria
19,95.6,2008,Sri Lanka
20,95.4,2008,Yemen
21,94.5,2008,Niger
22,94.2,2008,Nepal
23,94.1,2008,Burundi
24,93.8,2008,Timor-Leste
25,93.4,2008,Congo Republic
26,93.4,2008,Kenya
27,93.4,2008,Uzbekistan
28,92.9,2008,Malawi
29,92.4,2008,Solomon Islands
30,92.3,2008,Sierra Leone
31,91.3,2008,Guinea Bissau
32,91.2,2008,Cameroon
33,91.0,2008,Liberia
34,90.1,2008,Syria
35,89.9,2008,Burkina Faso
36,89.0,2008,Colombia
37,88.9,2008,Tajikistan
38,88.8,2008,Kyrgyz Republic
39,88.7,2008,Egypt
40,88.7,2008,Laos
41,88.0,2008,Equatorial Guinea
42,88.0,2008,Rwanda
43,87.4,2008,Eritrea
44,86.8,2008,Togo
45,86.2,2008,Turkmenistan
46,86.1,2008,Mauritania
47,85.8,2008,Cambodia
48,85.7,2008,Iran
49,85.7,2008,Moldova
50,85.4,2008,Bhutan
51,84.6,2008,Papua New Guinea
52,84.4,2008,Belarus
53,84.3,2008,Bosnia and Herzegovina
54,84.2,2008,Bolivia
55,83.8,2008,Angola
56,83.8,2008,Georgia
57,83.6,2008,Israel and West Bank
58,83.4,2008,Philippines
59,83.3,2008,Indonesia
60,81.7,2008,Lesotho
61,81.7,2008,Nicaragua
62,81.6,2008,Zambia
63,81.0,2008,Azerbaijan
64,80.7,2008,Cape Verde
65,80.6,2008,Guatemala
66,80.4,2008,Maldives
67,80.3,2008,China
68,80.3,2008,Ecuador
69,80.1,2008,Serbia
70,80.0,2008,Djibouti
71,80.0,2008,Swaziland
72,79.7,2008,Russia
73,79.6,2008,Comoros
74,79.1,2008,Tanzania
75,78.6,2008,Cuba
76,78.4,2008,Dominican Republic
77,78.3,2008,Sao Tome and Principe
78,77.9,2008,Venezuela
79,77.8,2008,Algeria
80,77.5,2008,Peru
81,77.3,2008,Jordan
82,76.9,2008,Gambia
83,76.9,2008,Saudi Arabia
84,76.8,2008,Mozambique
85,76.7,2008,Madagascar
86,76.6,2008,Fiji
87,75.8,2008,Morocco
88,75.6,2008,Mali
89,75.6,2008,Thailand
90,75.5,2008,El Salvador
91,75.4,2008,Turkey
92,75.0,2008,Gabon
93,74.9,2008,Honduras
94,74.6,2008,Macedonia
95,74.6,2008,Vietnam
96,74.0,2008,Micronesia
97,72.9,2008,India
98,72.9,2008,Namibia
99,72.8,2008,Benin
100,72.4,2008,Kazakhstan
101,72.4,2008,Samoa
102,72.4,2008,Suriname
103,72.3,2008,Paraguay
104,72.2,2008,Guyana
105,72.2,2008,Mexico
106,70.9,2008,Senegal
107,70.8,2008,Ukraine
108,70.7,2008,Armenia
109,70.2,2008,Belize
110,70.0,2008,Libya
111,69.7,2008,Albania
112,69.7,2008,Cyprus
113,69.5,2008,Seychelles
114,69.0,2008,Grenada
115,68.5,2008,Brunei Darussalam
116,67.6,2008,Brazil
117,67.2,2008,Malaysia
118,67.0,2008,Trinidad and Tobago
119,65.9,2008,Botswana
120,65.7,2008,Jamaica
121,65.6,2008,Tunisia
122,64.6,2008,Ghana
123,64.1,2008,Antigua and Barbuda
124,62.7,2008,South Africa
125,62.0,2008,Kuwait
126,60.5,2008,Bahamas
127,59.9,2008,Romania
128,59.4,2008,Croatia
129,58.6,2008,Panama
130,58.5,2008,Barbados
131,58.5,2008,Bulgaria
132,57.8,2008,Mongolia
133,56.8,2008,Bahrain
134,55.8,2008,Montenegro
135,54.5,2008,Latvia
136,52.7,2008,Qatar
137,51.2,2008,United Arab Emirates
138,51.0,2008,Estonia
139,50.9,2008,Costa Rica
140,50.9,2008,Hungary
141,48.8,2008,Slovak Republic
142,48.7,2008,Lithuania
143,48.3,2008,Malta
144,47.6,2008,Poland
145,47.4,2008,Oman
146,45.4,2008,Greece
147,42.4,2008,Mauritius
148,42.1,2008,Czech Republic
149,41.6,2008,Spain
150,41.4,2008,Argentina
151,41.4,2008,Uruguay
152,40.6,2008,South Korea
153,39.9,2008,Italy
154,37.3,2008,Germany
155,37.1,2008,Slovenia
156,36.3,2008,Chile
157,34.8,2008,France
158,33.3,2008,Singapore
159,32.9,2008,United Kingdom
160,32.8,2008,United States
161,31.8,2008,Portugal
162,29.7,2008,Japan
163,29.0,2008,Belgium
164,27.9,2008,Luxembourg
165,27.3,2008,Netherlands
166,26.3,2008,Canada
167,25.9,2008,Austria
168,24.6,2008,Australia
169,21.5,2008,Denmark
170,21.4,2008,New Zealand
171,20.9,2008,Iceland
172,20.3,2008,Switzerland
173,19.9,2008,Ireland
174,19.8,2008,Sweden
175,18.4,2008,Finland
176,16.8,2008,Norway
0,114.7,2009,Somalia
1,114.0,2009,Zimbabwe
2,112.4,2009,Sudan
3,112.2,2009,Chad
4,108.7,2009,Congo Democratic Republic
5,108.6,2009,Iraq
6,108.2,2009,Afghanistan
7,105.4,2009,Central African Republic
8,104.6,2009,Guinea
9,104.1,2009,Pakistan
10,102.5,2009,Cote d'Ivoire
11,101.8,2009,Haiti
12,101.5,2009,Myanmar
13,101.4,2009,Kenya
14,99.8,2009,Nigeria
15,98.9,2009,Ethiopia
16,98.3,2009,North Korea
17,98.1,2009,Bangladesh
18,98.1,2009,Yemen
19,97.2,2009,Timor-Leste
20,96.9,2009,Uganda
21,96.7,2009,Sri Lanka
22,96.5,2009,Niger
23,95.7,2009,Burundi
24,95.4,2009,Nepal
25,95.3,2009,Cameroon
26,94.8,2009,Guinea Bissau
27,93.8,2009,Malawi
28,93.5,2009,Lebanon
29,93.1,2009,Congo Republic
30,92.8,2009,Uzbekistan
31,92.1,2009,Sierra Leone
32,91.8,2009,Georgia
33,91.8,2009,Liberia
34,91.3,2009,Burkina Faso
35,90.3,2009,Eritrea
36,90.3,2009,Tajikistan
37,90.0,2009,Iran
38,89.8,2009,Syria
39,89.6,2009,Solomon Islands
40,89.2,2009,Colombia
41,89.1,2009,Kyrgyz Republic
42,89.0,2009,Egypt
43,89.0,2009,Laos
44,89.0,2009,Rwanda
45,88.7,2009,Mauritania
46,88.3,2009,Equatorial Guinea
47,87.3,2009,Bhutan
48,87.3,2009,Cambodia
49,87.2,2009,Togo
50,86.3,2009,Bolivia
51,86.3,2009,Comoros
52,85.8,2009,Philippines
53,85.1,2009,Moldova
54,85.0,2009,Angola
55,84.6,2009,Azerbaijan
56,84.6,2009,China
57,84.6,2009,Israel and West Bank
58,84.3,2009,Turkmenistan
59,84.2,2009,Zambia
60,84.1,2009,Indonesia
61,84.1,2009,Papua New Guinea
62,83.3,2009,Bosnia and Herzegovina
63,82.6,2009,Nicaragua
64,82.4,2009,Swaziland
65,82.3,2009,Belarus
66,81.8,2009,Lesotho
67,81.6,2009,Madagascar
68,81.2,2009,Ecuador
69,81.1,2009,Tanzania
70,80.8,2009,Russia
71,80.7,2009,Mozambique
72,80.6,2009,Algeria
73,80.6,2009,Cuba
74,80.6,2009,Djibouti
75,80.6,2009,Guatemala
76,79.5,2009,Venezuela
77,79.2,2009,Serbia
78,79.2,2009,Thailand
79,79.0,2009,Gambia
80,78.8,2009,Fiji
81,78.8,2009,Maldives
82,78.7,2009,Mali
83,78.5,2009,Cape Verde
84,78.2,2009,Turkey
85,77.9,2009,Jordan
86,77.8,2009,India
87,77.7,2009,Dominican Republic
88,77.5,2009,Saudi Arabia
89,77.2,2009,El Salvador
90,77.2,2009,Honduras
91,77.1,2009,Morocco
92,77.1,2009,Peru
93,76.9,2009,Vietnam
94,76.7,2009,Sao Tome and Principe
95,75.6,2009,Namibia
96,75.5,2009,Benin
97,75.4,2009,Mexico
98,74.4,2009,Gabon
99,74.4,2009,Macedonia
100,74.3,2009,Armenia
101,74.2,2009,Senegal
102,73.2,2009,Suriname
103,73.0,2009,Guyana
104,72.5,2009,Kazakhstan
105,72.0,2009,Paraguay
106,71.9,2009,Micronesia
107,71.4,2009,Samoa
108,70.0,2009,Albania
109,69.7,2009,Ukraine
110,69.5,2009,Belize
111,69.4,2009,Libya
112,69.1,2009,Brazil
113,68.9,2009,Cyprus
114,68.9,2009,Malaysia
115,68.8,2009,Botswana
116,68.6,2009,Jamaica
117,68.1,2009,Brunei Darussalam
118,67.9,2009,Grenada
119,67.7,2009,Seychelles
120,67.6,2009,Tunisia
121,67.4,2009,South Africa
122,66.7,2009,Trinidad and Tobago
123,66.2,2009,Ghana
124,63.4,2009,Kuwait
125,62.8,2009,Antigua and Barbuda
126,61.9,2009,Mongolia
127,61.5,2009,Bulgaria
128,61.3,2009,Romania
129,60.9,2009,Bahamas
130,60.1,2009,Croatia
131,59.7,2009,Panama
132,59.0,2009,Bahrain
133,58.0,2009,Montenegro
134,57.2,2009,Barbados
135,54.6,2009,Latvia
136,52.5,2009,Costa Rica
137,51.9,2009,Qatar
138,51.8,2009,United Arab Emirates
139,51.2,2009,Estonia
140,50.7,2009,Hungary
141,49.6,2009,Poland
142,48.8,2009,Malta
143,48.6,2009,Slovak Republic
144,48.0,2009,Lithuania
145,47.2,2009,Oman
146,46.1,2009,Greece
147,44.7,2009,Argentina
148,44.7,2009,Mauritius
149,43.9,2009,Italy
150,43.3,2009,Spain
151,42.6,2009,Czech Republic
152,41.6,2009,South Korea
153,41.2,2009,Uruguay
154,37.5,2009,Chile
155,36.3,2009,Slovenia
156,36.2,2009,Germany
157,35.3,2009,France
158,34.0,2009,United States
159,33.8,2009,Singapore
160,33.6,2009,United Kingdom
161,33.5,2009,Belgium
162,32.7,2009,Portugal
163,31.2,2009,Japan
164,29.0,2009,Iceland
165,27.7,2009,Canada
166,27.6,2009,Austria
167,27.6,2009,Luxembourg
168,27.0,2009,Netherlands
169,25.9,2009,Australia
170,23.3,2009,New Zealand
171,23.2,2009,Denmark
172,21.6,2009,Ireland
173,21.2,2009,Switzerland
174,20.6,2009,Sweden
175,19.2,2009,Finland
176,18.3,2009,Norway
0,114.3,2010,Somalia
1,113.3,2010,Chad
2,111.8,2010,Sudan
3,110.2,2010,Zimbabwe
4,109.9,2010,Congo Democratic Republic
5,109.3,2010,Afghanistan
6,107.3,2010,Iraq
7,106.4,2010,Central African Republic
8,105.0,2010,Guinea
9,102.5,2010,Pakistan
10,101.6,2010,Haiti
11,101.2,2010,Cote d'Ivoire
12,100.7,2010,Kenya
13,100.2,2010,Nigeria
14,100.0,2010,Yemen
15,99.4,2010,Myanmar
16,98.8,2010,Ethiopia
17,98.2,2010,Timor-Leste
18,97.8,2010,Niger
19,97.8,2010,North Korea
20,97.5,2010,Uganda
21,97.2,2010,Guinea Bissau
22,96.7,2010,Burundi
23,96.1,2010,Bangladesh
24,95.7,2010,Sri Lanka
25,95.4,2010,Cameroon
26,95.4,2010,Nepal
27,93.6,2010,Malawi
28,93.6,2010,Sierra Leone
29,93.3,2010,Eritrea
30,92.5,2010,Congo Republic
31,92.2,2010,Iran
32,91.7,2010,Liberia
33,90.9,2010,Lebanon
34,90.7,2010,Burkina Faso
35,90.5,2010,Uzbekistan
36,90.4,2010,Georgia
37,89.2,2010,Tajikistan
38,89.1,2010,Mauritania
39,88.7,2010,Cambodia
40,88.7,2010,Laos
41,88.7,2010,Rwanda
42,88.6,2010,Solomon Islands
43,88.5,2010,Equatorial Guinea
44,88.4,2010,Kyrgyz Republic
45,88.2,2010,Colombia
46,88.1,2010,Togo
47,87.9,2010,Syria
48,87.6,2010,Egypt
49,87.3,2010,Bhutan
50,87.1,2010,Philippines
51,85.1,2010,Comoros
52,84.9,2010,Bolivia
53,84.6,2010,Israel and West Bank
54,84.4,2010,Azerbaijan
55,83.9,2010,Papua New Guinea
56,83.9,2010,Zambia
57,83.8,2010,Moldova
58,83.7,2010,Angola
59,83.5,2010,Bosnia and Herzegovina
60,83.1,2010,Indonesia
61,83.0,2010,China
62,82.8,2010,Swaziland
63,82.6,2010,Madagascar
64,82.5,2010,Nicaragua
65,82.5,2010,Turkmenistan
66,82.2,2010,Lesotho
67,81.9,2010,Djibouti
68,81.7,2010,Ecuador
69,81.7,2010,Mozambique
70,81.3,2010,Algeria
71,81.2,2010,Guatemala
72,81.2,2010,Tanzania
73,80.5,2010,Fiji
74,80.2,2010,Gambia
75,80.0,2010,Honduras
76,79.4,2010,Cuba
77,79.3,2010,Mali
78,79.2,2010,India
79,79.0,2010,Russia
80,78.8,2010,Thailand
81,78.7,2010,Belarus
82,78.7,2010,Venezuela
83,78.3,2010,Maldives
84,78.1,2010,El Salvador
85,77.8,2010,Serbia
86,77.5,2010,Saudi Arabia
87,77.2,2010,Cape Verde
88,77.1,2010,Turkey
89,77.0,2010,Jordan
90,77.0,2010,Morocco
91,76.9,2010,Peru
92,76.8,2010,Benin
93,76.8,2010,Dominican Republic
94,76.6,2010,Vietnam
95,76.1,2010,Mexico
96,75.8,2010,Sao Tome and Principe
97,75.3,2010,Gabon
98,74.6,2010,Senegal
99,74.5,2010,Namibia
100,74.1,2010,Armenia
101,73.0,2010,Guyana
102,72.7,2010,Kazakhstan
103,72.7,2010,Macedonia
104,72.5,2010,Suriname
105,72.1,2010,Paraguay
106,71.1,2010,Samoa
107,70.6,2010,Micronesia
108,69.5,2010,Ukraine
109,69.2,2010,Malaysia
110,69.1,2010,Libya
111,68.7,2010,Belize
112,68.6,2010,Botswana
113,68.0,2010,Cyprus
114,67.9,2010,Seychelles
115,67.9,2010,South Africa
116,67.6,2010,Brunei Darussalam
117,67.5,2010,Tunisia
118,67.4,2010,Brazil
119,67.4,2010,Jamaica
120,67.1,2010,Albania
121,67.1,2010,Ghana
122,67.0,2010,Grenada
123,66.1,2010,Trinidad and Tobago
124,61.5,2010,Kuwait
125,61.2,2010,Bulgaria
126,60.9,2010,Antigua and Barbuda
127,60.2,2010,Romania
128,60.1,2010,Mongolia
129,59.3,2010,Panama
130,59.0,2010,Croatia
131,58.9,2010,Bahamas
132,58.8,2010,Bahrain
133,57.3,2010,Montenegro
134,55.4,2010,Barbados
135,55.4,2010,Latvia
136,52.4,2010,United Arab Emirates
137,52.0,2010,Costa Rica
138,51.8,2010,Qatar
139,50.7,2010,Estonia
140,50.1,2010,Hungary
141,49.0,2010,Poland
142,48.8,2010,Slovak Republic
143,48.7,2010,Oman
144,48.2,2010,Malta
145,47.8,2010,Lithuania
146,45.9,2010,Greece
147,45.8,2010,Argentina
148,45.7,2010,Italy
149,44.4,2010,Mauritius
150,43.5,2010,Spain
151,41.5,2010,Czech Republic
152,41.3,2010,South Korea
153,41.3,2010,Uruguay
154,38.0,2010,Chile
155,36.0,2010,Slovenia
156,35.4,2010,Germany
157,35.3,2010,United States
158,34.9,2010,France
159,34.8,2010,Singapore
160,33.9,2010,United Kingdom
161,33.1,2010,Portugal
162,32.0,2010,Belgium
163,31.3,2010,Japan
164,29.8,2010,Iceland
165,27.9,2010,Canada
166,27.9,2010,Netherlands
167,27.3,2010,Australia
168,27.3,2010,Luxembourg
169,27.2,2010,Austria
170,23.9,2010,New Zealand
171,22.9,2010,Denmark
172,22.4,2010,Ireland
173,21.8,2010,Switzerland
174,20.9,2010,Sweden
175,19.3,2010,Finland
176,18.7,2010,Norway
0,113.4,2011,Somalia
1,110.3,2011,Chad
2,108.7,2011,Sudan
3,108.2,2011,Congo Democratic Republic
4,108.0,2011,Haiti
5,107.9,2011,Zimbabwe
6,107.5,2011,Afghanistan
7,105.0,2011,Central African Republic
8,104.8,2011,Iraq
9,102.8,2011,Cote d'Ivoire
10,102.5,2011,Guinea
11,102.3,2011,Pakistan
12,100.3,2011,Yemen
13,99.9,2011,Nigeria
14,99.1,2011,Niger
15,98.7,2011,Kenya
16,98.6,2011,Burundi
17,98.3,2011,Guinea Bissau
18,98.3,2011,Myanmar
19,98.2,2011,Ethiopia
20,96.3,2011,Uganda
21,95.6,2011,North Korea
22,94.9,2011,Timor-Leste
23,94.6,2011,Cameroon
24,94.4,2011,Bangladesh
25,94.0,2011,Liberia
26,93.7,2011,Nepal
27,93.6,2011,Eritrea
28,93.1,2011,Sri Lanka
29,92.1,2011,Sierra Leone
30,91.8,2011,Kyrgyz Republic
31,91.4,2011,Congo Republic
32,91.2,2011,Malawi
33,91.0,2011,Rwanda
34,90.2,2011,Iran
35,89.4,2011,Togo
36,88.6,2011,Burkina Faso
37,88.5,2011,Cambodia
38,88.3,2011,Tajikistan
39,88.3,2011,Uzbekistan
40,88.1,2011,Equatorial Guinea
41,88.0,2011,Mauritania
42,87.7,2011,Lebanon
43,87.0,2011,Colombia
44,86.8,2011,Egypt
45,86.7,2011,Laos
46,86.4,2011,Georgia
47,85.9,2011,Solomon Islands
48,85.9,2011,Syria
49,85.0,2011,Bhutan
50,85.0,2011,Philippines
51,84.6,2011,Angola
52,84.4,2011,Israel and West Bank
53,84.2,2011,Papua New Guinea
54,83.8,2011,Comoros
55,83.8,2011,Zambia
56,83.6,2011,Mozambique
57,83.2,2011,Madagascar
58,82.9,2011,Bolivia
59,82.6,2011,Djibouti
60,82.5,2011,Swaziland
61,82.2,2011,Ecuador
62,81.9,2011,Azerbaijan
63,81.6,2011,Indonesia
64,81.3,2011,Tanzania
65,81.2,2011,Moldova
66,81.2,2011,Nicaragua
67,81.1,2011,Fiji
68,80.9,2011,Bosnia and Herzegovina
69,80.9,2011,Gambia
70,80.4,2011,Lesotho
71,80.1,2011,China
72,80.1,2011,Guatemala
73,80.0,2011,Benin
74,79.7,2011,Turkmenistan
75,79.3,2011,India
76,79.3,2011,Mali
77,78.3,2011,Honduras
78,78.3,2011,Thailand
79,78.2,2011,Venezuela
80,78.0,2011,Algeria
81,77.7,2011,Russia
82,77.6,2011,Belarus
83,76.9,2011,Dominican Republic
84,76.8,2011,Senegal
85,76.6,2011,Cuba
86,76.3,2011,Morocco
87,76.1,2011,Vietnam
88,76.0,2011,El Salvador
89,75.8,2011,Cape Verde
90,75.6,2011,Maldives
91,75.3,2011,Gabon
92,75.2,2011,Saudi Arabia
93,75.1,2011,Mexico
94,74.9,2011,Turkey
95,74.5,2011,Jordan
96,74.5,2011,Sao Tome and Principe
97,74.4,2011,Serbia
98,73.6,2011,Peru
99,72.6,2011,Guyana
100,72.4,2011,Paraguay
101,72.3,2011,Armenia
102,71.9,2011,Micronesia
103,71.7,2011,Namibia
104,71.1,2011,Suriname
105,71.0,2011,Macedonia
106,70.2,2011,Kazakhstan
107,70.1,2011,Tunisia
108,69.5,2011,Samoa
109,69.0,2011,Ukraine
110,68.7,2011,Libya
111,68.7,2011,Malaysia
112,67.9,2011,Botswana
113,67.7,2011,Belize
114,67.7,2011,Ghana
115,67.6,2011,Cyprus
116,67.6,2011,South Africa
117,67.1,2011,Jamaica
118,67.0,2011,Seychelles
119,66.4,2011,Grenada
120,66.1,2011,Albania
121,65.8,2011,Brunei Darussalam
122,65.1,2011,Brazil
123,63.7,2011,Trinidad and Tobago
124,59.9,2011,Antigua and Barbuda
125,59.8,2011,Romania
126,59.6,2011,Mongolia
127,59.5,2011,Kuwait
128,59.0,2011,Bahrain
129,59.0,2011,Bulgaria
130,57.8,2011,Panama
131,57.3,2011,Croatia
132,56.5,2011,Bahamas
133,56.3,2011,Montenegro
134,54.2,2011,Latvia
135,52.8,2011,Barbados
136,50.6,2011,Costa Rica
137,50.4,2011,United Arab Emirates
138,49.5,2011,Qatar
139,49.3,2011,Estonia
140,49.3,2011,Oman
141,48.7,2011,Hungary
142,47.4,2011,Greece
143,47.1,2011,Slovak Republic
144,46.8,2011,Argentina
145,46.8,2011,Poland
146,45.8,2011,Italy
147,45.4,2011,Malta
148,45.3,2011,Lithuania
149,44.2,2011,Mauritius
150,43.1,2011,Spain
151,42.4,2011,Czech Republic
152,40.7,2011,Chile
153,40.4,2011,Uruguay
154,38.8,2011,South Korea
155,35.5,2011,Slovenia
156,35.1,2011,Singapore
157,34.8,2011,United States
158,34.1,2011,Belgium
159,34.1,2011,United Kingdom
160,34.0,2011,France
161,33.9,2011,Germany
162,32.3,2011,Portugal
163,31.0,2011,Japan
164,30.1,2011,Iceland
165,28.3,2011,Netherlands
166,28.1,2011,Australia
167,27.7,2011,Canada
168,27.3,2011,Austria
169,26.1,2011,Luxembourg
170,25.3,2011,Ireland
171,24.8,2011,New Zealand
172,23.8,2011,Denmark
173,23.2,2011,Switzerland
174,22.8,2011,Sweden
175,20.4,2011,Norway
176,19.7,2011,Finland
0,114.9,2012,Somalia
1,111.2,2012,Congo Democratic Republic
2,109.4,2012,Sudan
3,108.4,2012,South Sudan
4,107.6,2012,Chad
5,106.3,2012,Zimbabwe
6,106.0,2012,Afghanistan
7,104.9,2012,Haiti
8,104.8,2012,Yemen
9,104.3,2012,Iraq
10,103.8,2012,Central African Republic
11,103.6,2012,Cote d'Ivoire
12,101.9,2012,Guinea
13,101.6,2012,Pakistan
14,101.1,2012,Nigeria
15,99.2,2012,Guinea Bissau
16,98.4,2012,Kenya
17,97.9,2012,Ethiopia
18,97.5,2012,Burundi
19,96.9,2012,Niger
20,96.5,2012,Uganda
21,96.2,2012,Myanmar
22,95.5,2012,North Korea
23,94.5,2012,Eritrea
24,94.5,2012,Syria
25,93.3,2012,Liberia
26,93.1,2012,Cameroon
27,93.0,2012,Nepal
28,92.7,2012,Timor-Leste
29,92.2,2012,Bangladesh
30,92.2,2012,Sri Lanka
31,90.4,2012,Egypt
32,90.4,2012,Sierra Leone
33,90.1,2012,Congo Republic
34,89.6,2012,Iran
35,89.3,2012,Rwanda
36,88.8,2012,Malawi
37,88.7,2012,Cambodia
38,87.6,2012,Mauritania
39,87.5,2012,Togo
40,87.5,2012,Uzbekistan
41,87.4,2012,Burkina Faso
42,87.4,2012,Kyrgyz Republic
43,86.3,2012,Equatorial Guinea
44,85.9,2012,Zambia
45,85.8,2012,Lebanon
46,85.7,2012,Tajikistan
47,85.6,2012,Solomon Islands
48,85.5,2012,Laos
49,85.1,2012,Angola
50,84.9,2012,Libya
51,84.8,2012,Georgia
52,84.4,2012,Colombia
53,83.8,2012,Djibouti
54,83.7,2012,Papua New Guinea
55,83.5,2012,Swaziland
56,83.2,2012,Philippines
57,83.0,2012,Comoros
58,82.5,2012,Madagascar
59,82.4,2012,Bhutan
60,82.4,2012,Mozambique
61,82.2,2012,Israel and West Bank
62,82.1,2012,Bolivia
63,80.6,2012,Gambia
64,80.6,2012,Indonesia
65,80.5,2012,Fiji
66,80.4,2012,Tanzania
67,80.1,2012,Ecuador
68,79.8,2012,Azerbaijan
69,79.6,2012,Nicaragua
70,79.4,2012,Guatemala
71,79.3,2012,Senegal
72,79.0,2012,Lesotho
73,78.7,2012,Moldova
74,78.6,2012,Benin
75,78.5,2012,Honduras
76,78.3,2012,China
77,78.1,2012,Algeria
78,78.0,2012,India
79,77.9,2012,Bosnia and Herzegovina
80,77.9,2012,Mali
81,77.4,2012,Turkmenistan
82,77.3,2012,Venezuela
83,77.1,2012,Russia
84,77.0,2012,Thailand
85,76.6,2012,Belarus
86,76.6,2012,Turkey
87,76.1,2012,Morocco
88,75.1,2012,Maldives
89,75.0,2012,Serbia
90,74.8,2012,Jordan
91,74.7,2012,Cape Verde
92,74.6,2012,Gabon
93,74.4,2012,El Salvador
94,74.2,2012,Tunisia
95,74.1,2012,Dominican Republic
96,74.0,2012,Vietnam
97,73.9,2012,Sao Tome and Principe
98,73.6,2012,Mexico
99,73.5,2012,Peru
100,73.4,2012,Saudi Arabia
101,73.1,2012,Cuba
102,72.2,2012,Armenia
103,71.9,2012,Micronesia
104,71.4,2012,Guyana
105,71.2,2012,Suriname
106,71.0,2012,Namibia
107,70.9,2012,Kazakhstan
108,70.9,2012,Paraguay
109,69.1,2012,Macedonia
110,68.5,2012,Malaysia
111,68.5,2012,Samoa
112,67.5,2012,Ghana
113,67.2,2012,Belize
114,67.2,2012,Ukraine
115,66.8,2012,Cyprus
116,66.8,2012,South Africa
117,66.5,2012,Botswana
118,66.1,2012,Albania
119,65.8,2012,Jamaica
120,65.1,2012,Seychelles
121,65.0,2012,Grenada
122,64.4,2012,Trinidad and Tobago
123,64.1,2012,Brazil
124,64.1,2012,Brunei Darussalam
125,62.2,2012,Bahrain
126,59.5,2012,Romania
127,58.9,2012,Antigua and Barbuda
128,58.8,2012,Kuwait
129,58.7,2012,Mongolia
130,56.3,2012,Bulgaria
131,56.3,2012,Croatia
132,56.1,2012,Panama
133,55.5,2012,Montenegro
134,55.1,2012,Bahamas
135,52.0,2012,Barbados
136,51.9,2012,Latvia
137,51.7,2012,Oman
138,50.4,2012,Greece
139,49.7,2012,Costa Rica
140,48.9,2012,United Arab Emirates
141,48.3,2012,Hungary
142,48.0,2012,Qatar
143,47.5,2012,Estonia
144,47.4,2012,Slovak Republic
145,46.5,2012,Argentina
146,45.8,2012,Italy
147,44.7,2012,Mauritius
148,44.3,2012,Poland
149,44.2,2012,Lithuania
150,43.8,2012,Malta
151,43.5,2012,Chile
152,43.5,2012,Japan
153,42.8,2012,Spain
154,40.5,2012,Uruguay
155,39.5,2012,Czech Republic
156,37.6,2012,South Korea
157,35.6,2012,Singapore
158,35.3,2012,United Kingdom
159,34.8,2012,United States
160,34.2,2012,Portugal
161,34.0,2012,Slovenia
162,33.6,2012,France
163,33.5,2012,Belgium
164,31.7,2012,Germany
165,29.2,2012,Australia
166,29.1,2012,Iceland
167,28.1,2012,Netherlands
168,27.5,2012,Austria
169,26.8,2012,Canada
170,26.5,2012,Ireland
171,25.6,2012,New Zealand
172,25.5,2012,Luxembourg
173,23.9,2012,Norway
174,23.3,2012,Switzerland
175,23.0,2012,Denmark
176,21.3,2012,Sweden
177,20.0,2012,Finland
0,113.9,2013,Somalia
1,111.9,2013,Congo Democratic Republic
2,111.0,2013,Sudan
3,110.6,2013,South Sudan
4,109.0,2013,Chad
5,107.0,2013,Yemen
6,106.7,2013,Afghanistan
7,105.8,2013,Haiti
8,105.3,2013,Central African Republic
9,105.2,2013,Zimbabwe
10,103.9,2013,Iraq
11,103.5,2013,Cote d'Ivoire
12,102.9,2013,Pakistan
13,101.3,2013,Guinea
14,101.1,2013,Guinea Bissau
15,100.7,2013,Nigeria
16,99.6,2013,Kenya
17,99.0,2013,Niger
18,98.9,2013,Ethiopia
19,97.6,2013,Burundi
20,97.4,2013,Syria
21,96.6,2013,Uganda
22,95.1,2013,Liberia
23,95.1,2013,North Korea
24,95.0,2013,Eritrea
25,94.6,2013,Myanmar
26,93.5,2013,Cameroon
27,92.9,2013,Sri Lanka
28,92.5,2013,Bangladesh
29,91.8,2013,Nepal
30,91.7,2013,Mauritania
31,91.5,2013,Timor-Leste
32,91.2,2013,Sierra Leone
33,90.6,2013,Egypt
34,90.2,2013,Burkina Faso
35,90.0,2013,Congo Republic
36,89.7,2013,Iran
37,89.3,2013,Mali
38,89.3,2013,Rwanda
39,89.2,2013,Malawi
40,88.0,2013,Cambodia
41,87.8,2013,Togo
42,87.1,2013,Angola
43,86.9,2013,Uzbekistan
44,86.6,2013,Zambia
45,86.3,2013,Lebanon
46,86.1,2013,Equatorial Guinea
47,85.7,2013,Kyrgyz Republic
48,85.6,2013,Swaziland
49,85.5,2013,Djibouti
50,85.2,2013,Solomon Islands
51,85.2,2013,Tajikistan
52,84.9,2013,Papua New Guinea
53,84.5,2013,Libya
54,84.2,2013,Georgia
55,84.0,2013,Comoros
56,83.8,2013,Colombia
57,83.7,2013,Laos
58,82.8,2013,Mozambique
59,82.8,2013,Philippines
60,82.7,2013,Madagascar
61,81.8,2013,Bhutan
62,81.8,2013,Gambia
63,81.4,2013,Senegal
64,81.1,2013,Tanzania
65,80.9,2013,China
66,80.8,2013,Bolivia
67,80.8,2013,Fiji
68,80.8,2013,Israel and West Bank
69,80.7,2013,Guatemala
70,79.4,2013,Lesotho
71,79.2,2013,Nicaragua
72,78.7,2013,Algeria
73,78.6,2013,Ecuador
74,78.3,2013,Honduras
75,78.2,2013,Azerbaijan
76,78.2,2013,Indonesia
77,77.9,2013,Benin
78,77.5,2013,India
79,77.1,2013,Russia
80,76.7,2013,Belarus
81,76.7,2013,Turkmenistan
82,76.5,2013,Bosnia and Herzegovina
83,76.5,2013,Moldova
84,76.5,2013,Tunisia
85,75.9,2013,Turkey
86,75.7,2013,Jordan
87,75.4,2013,Maldives
88,75.3,2013,Venezuela
89,75.1,2013,Thailand
90,74.6,2013,Sao Tome and Principe
91,74.4,2013,Serbia
92,74.3,2013,Morocco
93,73.7,2013,Cape Verde
94,73.2,2013,Dominican Republic
95,73.2,2013,El Salvador
96,73.1,2013,Mexico
97,73.1,2013,Vietnam
98,72.9,2013,Gabon
99,72.9,2013,Micronesia
100,72.8,2013,Cuba
101,72.7,2013,Saudi Arabia
102,72.3,2013,Peru
103,71.8,2013,Paraguay
104,71.3,2013,Armenia
105,71.2,2013,Suriname
106,70.8,2013,Guyana
107,70.4,2013,Namibia
108,69.8,2013,Kazakhstan
109,69.1,2013,Ghana
110,68.7,2013,Samoa
111,68.0,2013,Macedonia
112,67.6,2013,South Africa
113,67.2,2013,Belize
114,67.0,2013,Cyprus
115,66.1,2013,Malaysia
116,65.9,2013,Ukraine
117,65.6,2013,Jamaica
118,65.2,2013,Albania
119,64.6,2013,Grenada
120,64.0,2013,Botswana
121,64.0,2013,Seychelles
122,63.2,2013,Brunei Darussalam
123,62.9,2013,Bahrain
124,62.6,2013,Trinidad and Tobago
125,62.1,2013,Brazil
126,59.6,2013,Kuwait
127,58.0,2013,Antigua and Barbuda
128,57.8,2013,Mongolia
129,57.4,2013,Romania
130,55.8,2013,Panama
131,55.0,2013,Bulgaria
132,54.7,2013,Bahamas
133,54.4,2013,Montenegro
134,54.1,2013,Croatia
135,52.0,2013,Oman
136,50.8,2013,Barbados
137,50.6,2013,Greece
138,48.7,2013,Costa Rica
139,47.9,2013,Latvia
140,47.6,2013,Hungary
141,47.3,2013,United Arab Emirates
142,47.1,2013,Qatar
143,46.1,2013,Argentina
144,45.3,2013,Estonia
145,45.3,2013,Slovak Republic
146,44.6,2013,Italy
147,44.5,2013,Mauritius
148,44.4,2013,Spain
149,43.0,2013,Lithuania
150,42.4,2013,Malta
151,42.3,2013,Chile
152,40.9,2013,Poland
153,39.9,2013,Czech Republic
154,38.4,2013,Uruguay
155,36.1,2013,Japan
156,35.4,2013,South Korea
157,34.0,2013,Singapore
158,33.5,2013,United States
159,33.2,2013,United Kingdom
160,32.6,2013,France
161,32.6,2013,Portugal
162,32.3,2013,Slovenia
163,30.9,2013,Belgium
164,29.7,2013,Germany
165,26.9,2013,Austria
166,26.9,2013,Netherlands
167,26.0,2013,Canada
168,25.4,2013,Australia
169,24.8,2013,Ireland
170,24.7,2013,Iceland
171,23.3,2013,Luxembourg
172,22.7,2013,New Zealand
173,21.9,2013,Denmark
174,21.5,2013,Norway
175,21.5,2013,Switzerland
176,19.7,2013,Sweden
177,18.0,2013,Finland
0,112.9,2014,South Sudan
1,112.6,2014,Somalia
2,110.6,2014,Central African Republic
3,110.2,2014,Congo Democratic Republic
4,110.1,2014,Sudan
5,108.7,2014,Chad
6,106.5,2014,Afghanistan
7,105.4,2014,Yemen
8,104.3,2014,Haiti
9,103.0,2014,Pakistan
10,102.8,2014,Zimbabwe
11,102.7,2014,Guinea
12,102.2,2014,Iraq
13,101.7,2014,Cote d'Ivoire
14,101.6,2014,Syria
15,100.6,2014,Guinea Bissau
16,99.7,2014,Nigeria
17,99.0,2014,Kenya
18,97.9,2014,Ethiopia
19,97.9,2014,Niger
20,97.1,2014,Burundi
21,96.0,2014,Uganda
22,95.5,2014,Eritrea
23,94.3,2014,Liberia
24,94.3,2014,Myanmar
25,94.0,2014,North Korea
26,93.1,2014,Cameroon
27,93.0,2014,Mauritania
28,92.8,2014,Bangladesh
29,92.6,2014,Sri Lanka
30,91.0,2014,Egypt
31,91.0,2014,Nepal
32,91.0,2014,Timor-Leste
33,90.5,2014,Rwanda
34,89.9,2014,Sierra Leone
35,89.8,2014,Mali
36,89.6,2014,Congo Republic
37,89.1,2014,Malawi
38,89.0,2014,Burkina Faso
39,88.5,2014,Cambodia
40,87.8,2014,Libya
41,87.8,2014,Togo
42,87.4,2014,Angola
43,87.2,2014,Iran
44,87.1,2014,Djibouti
45,86.9,2014,Lebanon
46,86.4,2014,Solomon Islands
47,86.3,2014,Uzbekistan
48,86.2,2014,Zambia
49,85.9,2014,Mozambique
50,85.8,2014,Swaziland
51,85.3,2014,Equatorial Guinea
52,85.3,2014,Philippines
53,85.1,2014,Comoros
54,84.6,2014,Tajikistan
55,84.3,2014,Laos
56,84.1,2014,Papua New Guinea
57,83.9,2014,Kyrgyz Republic
58,83.1,2014,Colombia
59,83.1,2014,Gambia
60,83.1,2014,Madagascar
61,82.8,2014,Senegal
62,82.7,2014,Georgia
63,80.9,2014,Bhutan
64,80.8,2014,Tanzania
65,80.3,2014,Guatemala
66,79.5,2014,Israel and West Bank
67,79.0,2014,China
68,79.0,2014,Fiji
69,78.9,2014,Bolivia
70,78.8,2014,Algeria
71,78.6,2014,Lesotho
72,78.4,2014,Nicaragua
73,78.2,2014,Benin
74,78.2,2014,Turkmenistan
75,77.9,2014,Honduras
76,77.8,2014,Azerbaijan
77,77.5,2014,Tunisia
78,77.3,2014,Ecuador
79,77.0,2014,Thailand
80,76.9,2014,India
81,76.8,2014,Indonesia
82,76.7,2014,Jordan
83,76.7,2014,Venezuela
84,76.5,2014,Russia
85,75.9,2014,Bosnia and Herzegovina
86,75.8,2014,Sao Tome and Principe
87,75.4,2014,Maldives
88,75.1,2014,Moldova
89,75.0,2014,Belarus
90,74.6,2014,Micronesia
91,74.4,2014,Morocco
92,74.1,2014,Cape Verde
93,74.1,2014,Turkey
94,73.4,2014,Dominican Republic
95,73.1,2014,Saudi Arabia
96,72.9,2014,Peru
97,72.7,2014,Vietnam
98,72.2,2014,Gabon
99,72.0,2014,El Salvador
100,72.0,2014,Serbia
101,71.6,2014,Paraguay
102,71.5,2014,Namibia
103,71.3,2014,Armenia
104,71.1,2014,Mexico
105,71.0,2014,Guyana
106,70.8,2014,Cuba
107,70.7,2014,Ghana
108,70.6,2014,Suriname
109,69.3,2014,Samoa
110,68.5,2014,Kazakhstan
111,67.9,2014,Cyprus
112,67.2,2014,Ukraine
113,67.0,2014,Belize
114,66.6,2014,South Africa
115,66.4,2014,Macedonia
116,66.2,2014,Malaysia
117,65.2,2014,Grenada
118,64.9,2014,Jamaica
119,64.7,2014,Bahrain
120,64.5,2014,Botswana
121,63.7,2014,Seychelles
122,63.6,2014,Albania
123,63.6,2014,Brunei Darussalam
124,61.4,2014,Brazil
125,61.3,2014,Trinidad and Tobago
126,59.0,2014,Antigua and Barbuda
127,59.0,2014,Kuwait
128,58.1,2014,Mongolia
129,56.9,2014,Romania
130,55.7,2014,Montenegro
131,55.7,2014,Panama
132,54.4,2014,Bulgaria
133,54.1,2014,Bahamas
134,53.1,2014,Oman
135,52.9,2014,Croatia
136,52.1,2014,Greece
137,51.4,2014,Barbados
138,48.9,2014,Qatar
139,48.5,2014,Costa Rica
140,48.3,2014,Hungary
141,48.0,2014,Latvia
142,47.6,2014,United Arab Emirates
143,47.3,2014,Argentina
144,46.1,2014,Mauritius
145,45.3,2014,Slovak Republic
146,45.2,2014,Estonia
147,43.4,2014,Italy
148,43.2,2014,Lithuania
149,43.1,2014,Spain
150,43.0,2014,Malta
151,42.1,2014,Poland
152,42.0,2014,Chile
153,39.4,2014,Czech Republic
154,37.9,2014,Uruguay
155,36.4,2014,South Korea
156,36.3,2014,Japan
157,35.9,2014,Singapore
158,35.4,2014,United States
159,34.8,2014,France
160,34.3,2014,United Kingdom
161,33.1,2014,Portugal
162,32.6,2014,Slovenia
163,32.0,2014,Belgium
164,30.6,2014,Germany
165,28.6,2014,Netherlands
166,28.5,2014,Austria
167,27.4,2014,Canada
168,26.3,2014,Australia
169,26.1,2014,Ireland
170,25.9,2014,Iceland
171,24.6,2014,Luxembourg
172,24.1,2014,New Zealand
173,23.3,2014,Switzerland
174,23.0,2014,Norway
175,22.8,2014,Denmark
176,21.4,2014,Sweden
177,18.7,2014,Finland
0,114.5,2015,South Sudan
1,114.0,2015,Somalia
2,111.9,2015,Central African Republic
3,110.8,2015,Sudan
4,109.7,2015,Congo Democratic Republic
5,108.4,2015,Chad
6,108.2,2015,Yemen
7,107.9,2015,Afghanistan
8,107.8,2015,Syria
9,104.9,2015,Guinea
10,104.5,2015,Haiti
11,104.4,2015,Iraq
12,103.0,2015,Pakistan
13,102.5,2015,Nigeria
14,100.1,2015,Cote d'Ivoire
15,100.0,2015,Zimbabwe
16,99.9,2015,Guinea Bissau
17,98.0,2015,Burundi
18,97.8,2015,Niger
19,97.5,2015,Ethiopia
20,97.3,2015,Kenya
21,97.3,2015,Liberia
22,97.0,2015,Uganda
23,96.9,2015,Eritrea
24,95.3,2015,Libya
25,94.9,2015,Mauritania
26,94.7,2015,Myanmar
27,94.3,2015,Cameroon
28,93.8,2015,North Korea
29,92.9,2015,Mali
30,91.9,2015,Sierra Leone
31,91.8,2015,Bangladesh
32,90.8,2015,Congo Republic
33,90.7,2015,Sri Lanka
34,90.5,2015,Nepal
35,90.5,2015,Timor-Leste
36,90.2,2015,Rwanda
37,89.9,2015,Egypt
38,89.2,2015,Burkina Faso
39,88.1,2015,Lebanon
40,88.0,2015,Djibouti
41,87.9,2015,Angola
42,87.9,2015,Cambodia
43,87.1,2015,Iran
44,86.9,2015,Malawi
45,86.9,2015,Mozambique
46,86.8,2015,Togo
47,86.2,2015,Philippines
48,86.2,2015,Swaziland
49,85.9,2015,Solomon Islands
50,85.4,2015,Gambia
51,85.3,2015,Uzbekistan
52,85.1,2015,Zambia
53,84.8,2015,Equatorial Guinea
54,84.4,2015,Laos
55,83.6,2015,Madagascar
56,83.4,2015,Papua New Guinea
57,83.4,2015,Tajikistan
58,83.3,2015,Comoros
59,82.9,2015,Senegal
60,82.5,2015,Colombia
61,82.2,2015,Kyrgyz Republic
62,80.8,2015,Tanzania
63,80.4,2015,Guatemala
64,80.0,2015,Russia
65,79.9,2015,Lesotho
66,79.6,2015,Algeria
67,79.4,2015,Israel and West Bank
68,79.3,2015,India
69,79.2,2015,Georgia
70,79.1,2015,Thailand
71,79.0,2015,Nicaragua
72,78.8,2015,Benin
73,78.7,2015,Bhutan
74,78.7,2015,Venezuela
75,78.1,2015,Bolivia
76,78.1,2015,Honduras
77,77.4,2015,Bosnia and Herzegovina
78,77.4,2015,Turkmenistan
79,77.3,2015,Azerbaijan
80,76.9,2015,Jordan
81,76.7,2015,Fiji
82,76.5,2015,China
83,76.3,2015,Ukraine
84,75.9,2015,Ecuador
85,75.7,2015,Tunisia
86,75.6,2015,Belarus
87,75.0,2015,Indonesia
88,74.6,2015,Morocco
89,74.6,2015,Turkey
90,74.3,2015,Maldives
91,73.8,2015,Serbia
92,73.7,2015,Sao Tome and Principe
93,73.5,2015,Cape Verde
94,73.5,2015,Micronesia
95,73.0,2015,Moldova
96,72.4,2015,Vietnam
97,72.0,2015,Peru
98,71.9,2015,Mexico
99,71.8,2015,Ghana
100,71.6,2015,Saudi Arabia
101,71.4,2015,El Salvador
102,71.3,2015,Paraguay
103,71.2,2015,Dominican Republic
104,71.2,2015,Gabon
105,70.8,2015,Namibia
106,70.5,2015,Guyana
107,69.7,2015,Armenia
108,68.4,2015,Suriname
109,68.3,2015,Kazakhstan
110,68.2,2015,Samoa
111,67.4,2015,Cuba
112,67.0,2015,South Africa
113,66.2,2015,Cyprus
114,65.9,2015,Malaysia
115,65.3,2015,Belize
116,64.6,2015,Jamaica
117,64.5,2015,Macedonia
118,64.4,2015,Bahrain
119,63.5,2015,Grenada
120,63.0,2015,Brunei Darussalam
121,62.8,2015,Botswana
122,62.7,2015,Brazil
123,62.1,2015,Seychelles
124,61.9,2015,Albania
125,58.7,2015,Trinidad and Tobago
126,57.8,2015,Antigua and Barbuda
127,57.5,2015,Kuwait
128,57.0,2015,Mongolia
129,55.4,2015,Bulgaria
130,54.6,2015,Panama
131,54.2,2015,Montenegro
132,54.2,2015,Romania
133,52.6,2015,Greece
134,52.0,2015,Oman
135,51.5,2015,Bahamas
136,51.0,2015,Croatia
137,49.3,2015,Barbados
138,49.1,2015,Hungary
139,48.5,2015,Latvia
140,47.6,2015,Argentina
141,46.8,2015,Costa Rica
142,46.3,2015,Qatar
143,46.2,2015,United Arab Emirates
144,45.2,2015,Mauritius
145,43.7,2015,Estonia
146,43.2,2015,Italy
147,43.0,2015,Lithuania
148,42.6,2015,Slovak Republic
149,41.5,2015,Chile
150,40.9,2015,Malta
151,40.9,2015,Spain
152,39.8,2015,Poland
153,37.4,2015,Czech Republic
154,36.4,2015,Uruguay
155,36.3,2015,South Korea
156,36.0,2015,Japan
157,35.4,2015,United States
158,34.4,2015,Singapore
159,33.7,2015,France
160,33.4,2015,United Kingdom
161,31.5,2015,Slovenia
162,30.5,2015,Belgium
163,29.7,2015,Portugal
164,28.1,2015,Germany
165,26.9,2015,Netherlands
166,25.8,2015,Austria
167,25.6,2015,Canada
168,24.6,2015,Ireland
169,24.3,2015,Australia
170,23.4,2015,Iceland
171,22.6,2015,New Zealand
172,22.3,2015,Switzerland
173,22.1,2015,Luxembourg
174,21.4,2015,Denmark
175,20.9,2015,Norway
176,20.2,2015,Sweden
177,17.7,2015,Finland
0,114.0,2016,Somalia
1,113.8,2016,South Sudan
2,112.1,2016,Central African Republic
3,111.5,2016,Sudan
4,111.5,2016,Yemen
5,110.8,2016,Syria
6,110.1,2016,Chad
7,110.0,2016,Congo Democratic Republic
8,107.9,2016,Afghanistan
9,105.1,2016,Haiti
10,104.7,2016,Iraq
11,103.8,2016,Guinea
12,103.5,2016,Nigeria
13,101.7,2016,Pakistan
14,100.7,2016,Burundi
15,100.5,2016,Zimbabwe
16,99.8,2016,Guinea Bissau
17,98.6,2016,Eritrea
18,98.4,2016,Niger
19,98.3,2016,Kenya
20,97.9,2016,Cote d'Ivoire
21,97.8,2016,Cameroon
22,97.7,2016,Uganda
23,97.2,2016,Ethiopia
24,96.4,2016,Libya
25,96.3,2016,Myanmar
26,95.5,2016,Liberia
27,95.4,2016,Mauritania
28,95.2,2016,Mali
29,93.9,2016,North Korea
30,92.2,2016,Congo Republic
31,91.3,2016,Rwanda
32,91.2,2016,Nepal
33,91.0,2016,Sierra Leone
34,90.8,2016,Timor-Leste
35,90.7,2016,Bangladesh
36,90.5,2016,Angola
37,90.2,2016,Egypt
38,89.7,2016,Djibouti
39,89.6,2016,Lebanon
40,89.4,2016,Burkina Faso
41,87.8,2016,Mozambique
42,87.7,2016,Sri Lanka
43,87.6,2016,Malawi
44,87.6,2016,Swaziland
45,87.4,2016,Cambodia
46,86.9,2016,Iran
47,86.8,2016,Gambia
48,86.3,2016,Zambia
49,86.2,2016,Papua New Guinea
50,85.8,2016,Togo
51,85.3,2016,Solomon Islands
52,85.2,2016,Equatorial Guinea
53,84.7,2016,Philippines
54,84.4,2016,Laos
55,84.2,2016,Madagascar
56,83.8,2016,Comoros
57,83.8,2016,Tajikistan
58,83.6,2016,Senegal
59,83.5,2016,Uzbekistan
60,83.2,2016,Guatemala
61,81.8,2016,Tanzania
62,81.6,2016,Venezuela
63,81.1,2016,Kyrgyz Republic
64,81.0,2016,Russia
65,80.9,2016,Lesotho
66,80.2,2016,Colombia
67,79.8,2016,Honduras
68,79.7,2016,Israel and West Bank
69,79.6,2016,India
70,79.0,2016,Nicaragua
71,78.9,2016,Benin
72,78.9,2016,Georgia
73,78.8,2016,Thailand
74,78.5,2016,Bolivia
75,78.3,2016,Algeria
76,78.0,2016,Jordan
77,77.6,2016,Bhutan
78,77.3,2016,Turkey
79,77.1,2016,Micronesia
80,76.3,2016,Azerbaijan
81,76.2,2016,Fiji
82,76.0,2016,Turkmenistan
83,75.6,2016,Ecuador
84,75.5,2016,Ukraine
85,74.9,2016,China
86,74.9,2016,Indonesia
87,74.6,2016,Bosnia and Herzegovina
88,74.6,2016,Tunisia
89,74.2,2016,Morocco
90,74.0,2016,Maldives
91,73.9,2016,Belarus
92,73.2,2016,Moldova
93,72.9,2016,Sao Tome and Principe
94,72.6,2016,Paraguay
95,72.5,2016,El Salvador
96,72.2,2016,Saudi Arabia
97,72.0,2016,Gabon
98,72.0,2016,Peru
99,72.0,2016,Serbia
100,71.5,2016,Cape Verde
101,71.2,2016,Ghana
102,71.1,2016,Namibia
103,70.9,2016,Guyana
104,70.8,2016,Dominican Republic
105,70.7,2016,Vietnam
106,70.4,2016,Mexico
107,69.9,2016,South Africa
108,69.6,2016,Armenia
109,67.6,2016,Samoa
110,67.0,2016,Macedonia
111,66.7,2016,Suriname
112,66.5,2016,Kazakhstan
113,66.3,2016,Cuba
114,66.1,2016,Malaysia
115,66.0,2016,Belize
116,65.3,2016,Brazil
117,65.0,2016,Jamaica
118,64.0,2016,Cyprus
119,63.5,2016,Botswana
120,63.4,2016,Bahrain
121,63.0,2016,Grenada
122,62.0,2016,Brunei Darussalam
123,61.2,2016,Albania
124,60.2,2016,Seychelles
125,58.5,2016,Kuwait
126,57.8,2016,Trinidad and Tobago
127,56.6,2016,Mongolia
128,56.2,2016,Antigua and Barbuda
129,55.9,2016,Greece
130,55.2,2016,Montenegro
131,53.7,2016,Bulgaria
132,53.2,2016,Panama
133,52.9,2016,Romania
134,52.7,2016,Hungary
135,52.4,2016,Croatia
136,51.6,2016,Bahamas
137,51.6,2016,Oman
138,49.0,2016,Barbados
139,48.4,2016,Argentina
140,47.4,2016,Latvia
141,45.1,2016,Costa Rica
142,45.1,2016,Qatar
143,44.9,2016,Slovak Republic
144,44.5,2016,United Arab Emirates
145,43.4,2016,Estonia
146,43.2,2016,Mauritius
147,43.1,2016,Italy
148,42.4,2016,Lithuania
149,41.9,2016,Chile
150,40.8,2016,Czech Republic
151,40.7,2016,Poland
152,39.8,2016,Spain
153,39.6,2016,Malta
154,36.2,2016,Uruguay
155,36.1,2016,South Korea
156,35.1,2016,Japan
157,34.5,2016,France
158,34.0,2016,United States
159,33.9,2016,Slovenia
160,32.9,2016,Singapore
161,32.4,2016,United Kingdom
162,29.2,2016,Portugal
163,29.0,2016,Belgium
164,28.6,2016,Germany
165,28.2,2016,Netherlands
166,27.5,2016,Austria
167,24.1,2016,Luxembourg
168,23.8,2016,Canada
169,22.8,2016,Iceland
170,22.6,2016,Sweden
171,22.5,2016,Australia
172,22.5,2016,Ireland
173,21.8,2016,Switzerland
174,21.5,2016,Denmark
175,21.3,2016,New Zealand
176,21.2,2016,Norway
177,18.8,2016,Finland
0,113.9,2017,South Sudan
1,113.4,2017,Somalia
2,112.6,2017,Central African Republic
3,111.1,2017,Yemen
4,110.6,2017,Sudan
5,110.6,2017,Syria
6,110.0,2017,Congo Democratic Republic
7,109.4,2017,Chad
8,107.3,2017,Afghanistan
9,105.4,2017,Iraq
10,105.3,2017,Haiti
11,102.4,2017,Guinea
12,101.6,2017,Nigeria
13,101.6,2017,Zimbabwe
14,101.1,2017,Ethiopia
15,99.5,2017,Guinea Bissau
16,98.9,2017,Burundi
17,98.9,2017,Pakistan
18,98.1,2017,Eritrea
19,97.4,2017,Niger
20,96.5,2017,Cote d'Ivoire
21,96.4,2017,Kenya
22,96.3,2017,Libya
23,96.0,2017,Uganda
24,95.7,2017,Myanmar
25,95.6,2017,Cameroon
26,93.8,2017,Liberia
27,93.7,2017,Mauritania
28,93.4,2017,Congo Republic
29,93.3,2017,North Korea
30,92.9,2017,Mali
31,91.1,2017,Angola
32,91.0,2017,Nepal
33,90.8,2017,Rwanda
34,90.5,2017,Timor-Leste
35,89.8,2017,Egypt
36,89.4,2017,Gambia
37,89.3,2017,Sierra Leone
38,89.1,2017,Bangladesh
39,89.0,2017,Mozambique
40,88.9,2017,Djibouti
41,88.8,2017,Swaziland
42,88.2,2017,Lebanon
43,88.0,2017,Burkina Faso
44,88.0,2017,Malawi
45,87.8,2017,Zambia
46,86.6,2017,Sri Lanka
47,86.4,2017,Papua New Guinea
48,85.8,2017,Iran
49,85.7,2017,Cambodia
50,85.0,2017,Equatorial Guinea
51,84.8,2017,Comoros
52,84.8,2017,Solomon Islands
53,84.4,2017,Philippines
54,84.0,2017,Madagascar
55,83.9,2017,Togo
56,83.1,2017,Guatemala
57,82.9,2017,Venezuela
58,82.4,2017,Laos
59,82.3,2017,Senegal
60,81.8,2017,Tajikistan
61,81.7,2017,Lesotho
62,81.5,2017,Uzbekistan
63,80.8,2017,Turkey
64,80.3,2017,Kyrgyz Republic
65,80.3,2017,Tanzania
66,79.2,2017,Russia
67,79.1,2017,Honduras
68,78.9,2017,Colombia
69,78.9,2017,Israel and West Bank
70,78.7,2017,Jordan
71,77.9,2017,India
72,77.6,2017,Benin
73,77.4,2017,Nicaragua
74,77.3,2017,Ecuador
75,76.9,2017,Fiji
76,76.8,2017,Algeria
77,76.8,2017,Bolivia
78,76.5,2017,Georgia
79,76.4,2017,Micronesia
80,76.3,2017,Azerbaijan
81,76.2,2017,Thailand
82,76.0,2017,Bhutan
83,74.9,2017,Morocco
84,74.7,2017,China
85,74.4,2017,Maldives
86,74.4,2017,Turkmenistan
87,74.3,2017,Mexico
88,74.2,2017,Tunisia
89,74.0,2017,Ukraine
90,73.8,2017,Gabon
91,73.1,2017,El Salvador
92,73.0,2017,Bosnia and Herzegovina
93,72.9,2017,Indonesia
94,72.4,2017,Belarus
95,72.3,2017,South Africa
96,72.1,2017,Sao Tome and Principe
97,72.0,2017,Moldova
98,71.6,2017,Paraguay
99,71.3,2017,Guyana
100,71.2,2017,Saudi Arabia
101,71.0,2017,Armenia
102,70.4,2017,Namibia
103,70.3,2017,Peru
104,70.2,2017,Vietnam
105,70.1,2017,Cape Verde
106,70.0,2017,Serbia
107,69.7,2017,Ghana
108,69.0,2017,Dominican Republic
109,68.2,2017,Brazil
110,67.1,2017,Samoa
111,66.1,2017,Macedonia
112,65.9,2017,Kazakhstan
113,65.9,2017,Suriname
114,65.5,2017,Belize
115,65.4,2017,Malaysia
116,65.2,2017,Jamaica
117,64.9,2017,Bahrain
118,64.6,2017,Cuba
119,63.8,2017,Botswana
120,62.6,2017,Cyprus
121,61.6,2017,Brunei Darussalam
122,61.5,2017,Grenada
123,60.5,2017,Albania
124,59.4,2017,Seychelles
125,58.5,2017,Kuwait
126,57.5,2017,Greece
127,56.7,2017,Mongolia
128,56.7,2017,Trinidad and Tobago
129,55.7,2017,Montenegro
130,54.8,2017,Antigua and Barbuda
131,53.7,2017,Bulgaria
132,52.5,2017,Oman
133,52.4,2017,Bahamas
134,52.0,2017,Hungary
135,50.9,2017,Romania
136,50.7,2017,Panama
137,50.6,2017,Croatia
138,49.6,2017,Barbados
139,48.2,2017,Argentina
140,46.4,2017,Latvia
141,45.2,2017,Italy
142,44.7,2017,Estonia
143,44.3,2017,Slovak Republic
144,44.1,2017,Costa Rica
145,44.0,2017,Qatar
146,43.7,2017,United Arab Emirates
147,41.7,2017,Lithuania
148,41.7,2017,Mauritius
149,41.1,2017,Chile
150,40.8,2017,Poland
151,40.1,2017,Czech Republic
152,38.6,2017,Malta
153,38.1,2017,South Korea
154,37.9,2017,Spain
155,37.4,2017,Japan
156,36.8,2017,Uruguay
157,35.6,2017,United States
158,33.5,2017,France
159,33.2,2017,United Kingdom
160,32.5,2017,Singapore
161,32.4,2017,Slovenia
162,30.8,2017,Belgium
163,29.0,2017,Portugal
164,28.1,2017,Germany
165,27.7,2017,Austria
166,27.4,2017,Netherlands
167,23.4,2017,Luxembourg
168,22.6,2017,Canada
169,22.6,2017,New Zealand
170,22.5,2017,Iceland
171,22.3,2017,Australia
172,22.3,2017,Ireland
173,22.1,2017,Sweden
174,21.5,2017,Denmark
175,21.1,2017,Switzerland
176,20.5,2017,Norway
177,18.7,2017,Finland
